date,score,level,missing_count,vix,vix_term_structure,vvix,skew,yield_curve_10y2y,yield_curve_10y3m,hy_oas,ig_oas,sofr_iorb,fra_ois,usdjpy,dxy_broad,jp_10y,walcl,on_rrp,tga,china_fx_reserves,usdcny,china_10y,vix_fred,ted_spread
2008-01-01,46.25,YELLOW,10,,,,,0.99,0.68,,,,,111.71,89.6297,1.429,890662.0,,4910.0,1591861.828004882,7.2946,,22.5,1.41
2008-01-02,46.25,YELLOW,10,,,,,1.03,0.65,,,,,109.7,89.3514,1.429,922187.0,,8693.0,1591861.828004882,7.2946,,23.17,1.5
2008-01-03,46.25,YELLOW,10,,,,,1.08,0.67,,,,,109.58,89.231,1.429,922187.0,,8693.0,1591861.828004882,7.2755,,22.49,1.49
2008-01-04,46.25,YELLOW,10,,,,,1.14,0.68,,,,,108.38,89.2467,1.429,922187.0,,8693.0,1591861.828004882,7.2695,,23.94,1.5
2008-01-05,46.25,YELLOW,10,,,,,1.14,0.68,,,,,108.38,89.2467,1.429,922187.0,,8693.0,1591861.828004882,7.2695,,23.94,1.5
2008-01-06,46.25,YELLOW,10,,,,,1.14,0.68,,,,,108.38,89.2467,1.429,922187.0,,8693.0,1591861.828004882,7.2695,,23.94,1.5
2008-01-07,46.25,YELLOW,10,,,,,1.1,0.59,,,,,109.1,89.5718,1.429,922187.0,,8693.0,1591861.828004882,7.2705,,23.79,1.35
2008-01-08,46.25,YELLOW,10,,,,,1.1,0.61,,,,,109.29,89.3398,1.429,922187.0,,8693.0,1591861.828004882,7.267,,25.43,1.34
2008-01-09,46.25,YELLOW,10,,,,,1.13,0.6,,,,,109.4,89.6807,1.429,880754.0,,5146.0,1591861.828004882,7.2625,,24.12,1.3
2008-01-10,46.25,YELLOW,10,,,,,1.2,0.67,,,,,109.38,89.6226,1.429,880754.0,,5146.0,1591861.828004882,7.27,,23.45,1.22
2008-01-11,46.25,YELLOW,10,,,,,1.23,0.73,,,,,109.11,89.5215,1.429,880754.0,,5146.0,1591861.828004882,7.2615,,23.68,1.24
2008-01-12,31.25,YELLOW,12,,,,,1.23,0.73,,,,,109.11,89.5215,,880754.0,,5146.0,,7.2615,,23.68,1.24
2008-01-13,31.25,YELLOW,12,,,,,1.23,0.73,,,,,109.11,89.5215,,880754.0,,5146.0,,7.2615,,23.68,1.24
2008-01-14,22.5,GREEN,12,,,,,1.23,0.62,,,,,108.18,89.2749,,880754.0,,5146.0,,7.2526,,22.9,0.94
2008-01-15,22.5,GREEN,12,,,,,1.19,0.55,,,,,107.07,89.1555,,880754.0,,5146.0,,7.2345,,23.34,0.91
2008-01-16,22.5,GREEN,12,,,,,1.23,0.6,,,,,107.27,89.6701,,893581.0,,5171.0,,7.24,,24.38,0.89
2008-01-17,22.5,GREEN,12,,,,,1.22,0.59,,,,,107.01,89.6484,,893581.0,,5171.0,,7.2245,,28.46,0.93
2008-01-18,31.25,YELLOW,12,,,,,1.3,0.8,,,,,106.82,89.8993,,893581.0,,5171.0,,7.2424,,27.18,1.1
2008-01-19,31.25,YELLOW,12,,,,,1.3,0.8,,,,,106.82,89.8993,,893581.0,,5171.0,,7.2424,,27.18,1.1
2008-01-20,31.25,YELLOW,12,,,,,1.3,0.8,,,,,106.82,89.8993,,893581.0,,5171.0,,7.2424,,27.18,1.1
2008-01-21,31.25,YELLOW,12,,,,,1.3,0.8,,,,,106.82,89.9265,,893581.0,,5171.0,,7.2424,,27.18,1.1
2008-01-22,38.75,YELLOW,12,,,,,1.44,1.17,,,,,106.76,89.84,,893581.0,,5171.0,,7.2456,,31.01,1.42
2008-01-23,31.25,YELLOW,12,,,,,1.42,1.3,,,,,105.42,89.9138,,877253.0,,5335.0,,7.24,,29.02,1.17
2008-01-24,22.5,GREEN,12,,,,,1.43,1.31,,,,,106.68,89.203,,877253.0,,5335.0,,7.2228,,27.78,0.92
2008-01-25,31.25,YELLOW,12,,,,,1.38,1.31,,,,,107.31,89.2184,,877253.0,,5335.0,,7.2115,,29.08,1.06
2008-01-26,31.25,YELLOW,12,,,,,1.38,1.31,,,,,107.31,89.2184,,877253.0,,5335.0,,7.2115,,29.08,1.06
2008-01-27,31.25,YELLOW,12,,,,,1.38,1.31,,,,,107.31,89.2184,,877253.0,,5335.0,,7.2115,,29.08,1.06
2008-01-28,22.5,GREEN,12,,,,,1.41,1.27,,,,,106.65,88.9555,,877253.0,,5335.0,,7.195,,27.78,0.96
2008-01-29,31.25,YELLOW,12,,,,,1.4,1.41,,,,,107.08,88.8342,,877253.0,,5335.0,,7.1965,,27.32,1.01
2008-01-30,31.25,YELLOW,12,,,,,1.48,1.57,,,,,107.25,88.7442,,900264.0,,4650.0,,7.1912,,27.62,1.08
2008-01-31,31.25,YELLOW,12,,,,,1.5,1.71,,,,,106.74,88.6547,,900264.0,,4650.0,,7.1818,,26.2,1.19
2008-02-01,46.25,YELLOW,10,,,,,1.53,1.52,,,,,106.3,88.4824,1.429,900264.0,,4650.0,1649221.313367284,7.1845,,24.02,1.04
2008-02-02,46.25,YELLOW,10,,,,,1.53,1.52,,,,,106.3,88.4824,1.429,900264.0,,4650.0,1649221.313367284,7.1845,,24.02,1.04
2008-02-03,46.25,YELLOW,10,,,,,1.53,1.52,,,,,106.3,88.4824,1.429,900264.0,,4650.0,1649221.313367284,7.1845,,24.02,1.04
2008-02-04,37.5,YELLOW,10,,,,,1.6,1.41,,,,,106.73,88.4788,1.429,900264.0,,4650.0,1649221.313367284,7.1915,,25.99,0.92
2008-02-05,46.25,YELLOW,10,,,,,1.68,1.42,,,,,106.94,89.076,1.429,900264.0,,4650.0,1649221.313367284,7.1835,,28.24,1.02
2008-02-06,46.25,YELLOW,10,,,,,1.65,1.51,,,,,106.75,88.9987,1.429,871022.0,,5548.0,1649221.313367284,7.183,,28.97,1.08
2008-02-07,37.5,YELLOW,10,,,,,1.75,1.57,,,,,106.82,89.4221,1.429,871022.0,,5548.0,1649221.313367284,7.183,,27.66,0.98
2008-02-08,37.5,YELLOW,10,,,,,1.71,1.41,,,,,107.34,89.2226,1.429,871022.0,,5548.0,1649221.313367284,7.183,,28.01,0.91
2008-02-09,37.5,YELLOW,10,,,,,1.71,1.41,,,,,107.34,89.2226,1.429,871022.0,,5548.0,1649221.313367284,7.183,,28.01,0.91
2008-02-10,37.5,YELLOW,10,,,,,1.71,1.41,,,,,107.34,89.2226,1.429,871022.0,,5548.0,1649221.313367284,7.183,,28.01,0.91
2008-02-11,37.5,YELLOW,10,,,,,1.69,1.31,,,,,106.64,89.2149,1.429,871022.0,,5548.0,1649221.313367284,7.1905,,27.6,0.82
2008-02-12,22.5,GREEN,12,,,,,1.72,1.35,,,,,107.42,88.9539,,871022.0,,5548.0,,7.184,,26.33,0.82
2008-02-13,22.5,GREEN,12,,,,,1.79,1.42,,,,,108.15,89.1382,,883005.0,,5316.0,,7.1973,,24.88,0.84
2008-02-14,22.5,GREEN,12,,,,,1.92,1.54,,,,,107.97,88.9055,,883005.0,,5316.0,,7.188,,25.54,0.81
2008-02-15,22.5,GREEN,12,,,,,1.85,1.55,,,,,107.67,88.9006,,883005.0,,5316.0,,7.178,,25.02,0.91
2008-02-16,22.5,GREEN,12,,,,,1.85,1.55,,,,,107.67,88.9006,,883005.0,,5316.0,,7.178,,25.02,0.91
2008-02-17,22.5,GREEN,12,,,,,1.85,1.55,,,,,107.67,88.9006,,883005.0,,5316.0,,7.178,,25.02,0.91
2008-02-18,22.5,GREEN,12,,,,,1.85,1.55,,,,,107.67,88.9004,,883005.0,,5316.0,,7.178,,25.02,0.91
2008-02-19,22.5,GREEN,12,,,,,1.83,1.61,,,,,107.5,88.9626,,883005.0,,5316.0,,7.1485,,25.59,0.84
2008-02-20,22.5,GREEN,12,,,,,1.79,1.68,,,,,107.97,89.2572,,878949.0,,3861.0,,7.1425,,24.4,0.88
2008-02-21,22.5,GREEN,12,,,,,1.79,1.57,,,,,107.6,88.716,,878949.0,,3861.0,,7.1395,,25.12,0.94
2008-02-22,22.5,GREEN,12,,,,,1.81,1.59,,,,,106.98,88.7082,,878949.0,,3861.0,,7.14,,24.06,0.93
2008-02-23,22.5,GREEN,12,,,,,1.81,1.59,,,,,106.98,88.7082,,878949.0,,3861.0,,7.14,,24.06,0.93
2008-02-24,22.5,GREEN,12,,,,,1.81,1.59,,,,,106.98,88.7082,,878949.0,,3861.0,,7.14,,24.06,0.93
2008-02-25,22.5,GREEN,12,,,,,1.78,1.71,,,,,107.88,88.5373,,878949.0,,3861.0,,7.1522,,23.03,0.94
2008-02-26,22.5,GREEN,12,,,,,1.84,1.74,,,,,107.73,88.0998,,878949.0,,3861.0,,7.158,,21.9,1.0
2008-02-27,31.25,YELLOW,12,,,,,1.84,1.87,,,,,106.38,87.3353,,893825.0,,4740.0,,7.14,,22.69,1.14
2008-02-28,31.25,YELLOW,12,,,,,1.84,1.81,,,,,105.64,87.0363,,893825.0,,4740.0,,7.11,,23.53,1.22
2008-02-29,31.25,YELLOW,12,,,,,1.88,1.68,,,,,104.19,87.1654,,893825.0,,4740.0,,7.1115,,26.54,1.25
2008-03-01,46.25,YELLOW,10,,,,,1.88,1.68,,,,,104.19,87.1654,1.245,893825.0,,4740.0,1684280.184548947,7.1115,,26.54,1.25
2008-03-02,46.25,YELLOW,10,,,,,1.88,1.68,,,,,104.19,87.1654,1.245,893825.0,,4740.0,1684280.184548947,7.1115,,26.54,1.25
2008-03-03,46.25,YELLOW,10,,,,,1.93,1.84,,,,,103.57,87.2381,1.245,893825.0,,4740.0,1684280.184548947,7.1035,,26.28,1.34
2008-03-04,46.25,YELLOW,10,,,,,1.98,1.97,,,,,102.67,87.3039,1.245,893825.0,,4740.0,1684280.184548947,7.106,,25.52,1.38
2008-03-05,46.25,YELLOW,10,,,,,2.04,2.17,,,,,103.99,87.1347,1.245,881208.0,,4867.0,1684280.184548947,7.1075,,24.6,1.5
2008-03-06,46.25,YELLOW,10,,,,,2.09,2.23,,,,,103.1,86.9105,1.245,881208.0,,4867.0,1684280.184548947,7.1059,,27.55,1.62
2008-03-07,46.25,YELLOW,10,,,,,2.03,2.11,,,,,102.69,87.1258,1.245,881208.0,,4867.0,1684280.184548947,7.111,,27.49,1.52
2008-03-08,46.25,YELLOW,10,,,,,2.03,2.11,,,,,102.69,87.1258,1.245,881208.0,,4867.0,1684280.184548947,7.111,,27.49,1.52
2008-03-09,46.25,YELLOW,10,,,,,2.03,2.11,,,,,102.69,87.1258,1.245,881208.0,,4867.0,1684280.184548947,7.111,,27.49,1.52
2008-03-10,46.25,YELLOW,10,,,,,1.99,2.11,,,,,101.8,87.1452,1.245,881208.0,,4867.0,1684280.184548947,7.106,,29.38,1.57
2008-03-11,46.25,YELLOW,10,,,,,1.86,2.12,,,,,102.87,87.1763,1.245,881208.0,,4867.0,1684280.184548947,7.1027,,26.36,1.42
2008-03-12,31.25,YELLOW,12,,,,,1.86,2.01,,,,,102.38,86.728,,896565.0,,5076.0,,7.101,,27.22,1.4
2008-03-13,25.0,YELLOW,12,,,,,1.93,2.21,,,,,100.58,86.3891,,896565.0,,5076.0,,7.09,,27.29,1.47
2008-03-14,32.5,YELLOW,12,,,,,1.97,2.26,,,,,100.2,86.4301,,896565.0,,5076.0,,7.089,,31.16,1.6
2008-03-15,32.5,YELLOW,12,,,,,1.97,2.26,,,,,100.2,86.4301,,896565.0,,5076.0,,7.089,,31.16,1.6
2008-03-16,32.5,YELLOW,12,,,,,1.97,2.26,,,,,100.2,86.4301,,896565.0,,5076.0,,7.089,,31.16,1.6
2008-03-17,32.5,YELLOW,12,,,,,1.99,2.23,,,,,96.88,86.3417,,896565.0,,5076.0,,7.083,,32.24,1.49
2008-03-18,25.0,YELLOW,12,,,,,1.9,2.56,,,,,98.23,86.1191,,896565.0,,5076.0,,7.0795,,25.79,1.63
2008-03-19,37.5,YELLOW,11,,,,,1.84,2.77,,,,,99.34,86.5755,,888646.0,7.25,5152.0,,7.066,,29.84,2.0
2008-03-20,37.5,YELLOW,11,,,,,1.75,2.71,,,,,98.79,87.3293,,888646.0,7.25,5152.0,,7.052,,26.62,1.99
2008-03-21,37.5,YELLOW,11,,,,,1.75,2.71,,,,,99.4,87.2111,,888646.0,7.25,5152.0,,7.0515,,26.62,1.99
2008-03-22,37.5,YELLOW,11,,,,,1.75,2.71,,,,,99.4,87.2111,,888646.0,7.25,5152.0,,7.0515,,26.62,1.99
2008-03-23,37.5,YELLOW,11,,,,,1.75,2.71,,,,,99.4,87.2111,,888646.0,7.25,5152.0,,7.0515,,26.62,1.99
2008-03-24,37.5,YELLOW,11,,,,,1.72,2.32,,,,,100.77,87.3103,,888646.0,7.25,5152.0,,7.055,,25.73,1.99
2008-03-25,37.5,YELLOW,11,,,,,1.72,2.22,,,,,100.07,86.8339,,888646.0,7.25,5152.0,,7.044,,25.72,1.38
2008-03-26,37.5,YELLOW,11,,,,,1.8,2.22,,,,,99.12,86.5513,,893965.0,7.25,5729.0,,7.029,,26.08,1.4
2008-03-27,37.5,YELLOW,11,,,,,1.83,2.26,,,,,99.87,86.4583,,893965.0,7.25,5729.0,,7.0105,,25.88,1.42
2008-03-28,37.5,YELLOW,11,,,,,1.8,2.14,,,,,99.71,86.6369,,893965.0,6.0,5729.0,,7.012,,25.71,1.39
2008-03-29,37.5,YELLOW,11,,,,,1.8,2.14,,,,,99.71,86.6369,,893965.0,6.0,5729.0,,7.012,,25.71,1.39
2008-03-30,37.5,YELLOW,11,,,,,1.8,2.14,,,,,99.71,86.6369,,893965.0,6.0,5729.0,,7.012,,25.71,1.39
2008-03-31,37.5,YELLOW,11,,,,,1.83,2.07,,,,,99.85,86.6881,,893965.0,5.0,5729.0,,7.012,,25.61,1.33
2008-04-01,58.75,YELLOW,9,,,,,1.77,2.17,,,,,101.77,87.0276,1.6,893965.0,5.0,5729.0,1758731.659415407,7.0116,,22.68,1.3
2008-04-02,58.75,YELLOW,9,,,,,1.72,2.19,,,,,102.77,86.8886,1.6,883708.0,3.75,5158.0,1758731.659415407,7.0185,,23.43,1.31
2008-04-03,58.75,YELLOW,9,,,,,1.7,2.21,,,,,102.21,86.6424,1.6,883708.0,3.75,5158.0,1758731.659415407,7.015,,23.21,1.35
2008-04-04,58.75,YELLOW,9,,,,,1.67,2.15,,,,,101.75,86.5108,1.6,883708.0,3.75,5158.0,1758731.659415407,7.015,,22.45,1.4
2008-04-05,58.75,YELLOW,9,,,,,1.67,2.15,,,,,101.75,86.5108,1.6,883708.0,3.75,5158.0,1758731.659415407,7.015,,22.45,1.4
2008-04-06,58.75,YELLOW,9,,,,,1.67,2.15,,,,,101.75,86.5108,1.6,883708.0,3.75,5158.0,1758731.659415407,7.015,,22.45,1.4
2008-04-07,58.75,YELLOW,9,,,,,1.62,2.12,,,,,102.62,86.603,1.6,883708.0,3.75,5158.0,1758731.659415407,7.001,,22.42,1.28
2008-04-08,58.75,YELLOW,9,,,,,1.71,2.17,,,,,102.55,86.7369,1.6,883708.0,3.75,5158.0,1758731.659415407,7.0008,,22.36,1.32
2008-04-09,58.75,YELLOW,9,,,,,1.72,2.18,,,,,101.83,86.5764,1.6,893029.0,3.75,5127.0,1758731.659415407,7.0017,,22.81,1.43
2008-04-10,58.75,YELLOW,9,,,,,1.71,2.28,,,,,101.71,86.5131,1.6,893029.0,3.75,5127.0,1758731.659415407,6.991,,21.98,1.46
2008-04-11,58.75,YELLOW,9,,,,,1.73,2.3,,,,,101.09,86.5029,1.6,893029.0,3.75,5127.0,1758731.659415407,7.006,,23.46,1.54
2008-04-12,37.5,YELLOW,11,,,,,1.73,2.3,,,,,101.09,86.5029,,893029.0,3.75,5127.0,,7.006,,23.46,1.54
2008-04-13,25.0,YELLOW,12,,,,,1.73,2.3,,,,,101.09,86.5029,,893029.0,,5127.0,,7.006,,23.46,1.54
2008-04-14,25.0,YELLOW,12,,,,,1.75,2.45,,,,,100.87,86.3492,,893029.0,,5127.0,,6.999,,23.82,1.64
2008-04-15,25.0,YELLOW,12,,,,,1.76,2.5,,,,,101.33,86.4705,,893029.0,,5127.0,,6.9945,,22.78,1.63
2008-04-16,25.0,YELLOW,12,,,,,1.74,2.6,,,,,101.4,85.9037,,881904.0,,4745.0,,6.992,,20.53,1.62
2008-04-17,25.0,YELLOW,12,,,,,1.62,2.52,,,,,102.22,86.1077,,881904.0,,4745.0,,6.984,,20.37,1.61
2008-04-18,25.0,YELLOW,12,,,,,1.58,2.42,,,,,104.56,86.5277,,881904.0,,4745.0,,7.0065,,20.13,1.59
2008-04-19,25.0,YELLOW,12,,,,,1.58,2.42,,,,,104.56,86.5277,,881904.0,,4745.0,,7.0065,,20.13,1.59
2008-04-20,25.0,YELLOW,12,,,,,1.58,2.42,,,,,104.56,86.5277,,881904.0,,4745.0,,7.0065,,20.13,1.59
2008-04-21,25.0,YELLOW,12,,,,,1.55,2.41,,,,,103.38,86.2979,,881904.0,,4745.0,,6.9996,,20.5,1.59
2008-04-22,25.0,YELLOW,12,,,,,1.5,2.47,,,,,102.7,85.927,,881904.0,,4745.0,,6.989,,20.87,1.66
2008-04-23,25.0,YELLOW,12,,,,,1.55,2.51,,,,,103.55,86.3841,,885781.0,,5437.0,,6.9895,,20.26,1.68
2008-04-24,25.0,YELLOW,12,,,,,1.46,2.61,,,,,104.2,86.7154,,885781.0,,5437.0,,6.9955,,20.06,1.67
2008-04-25,17.5,GREEN,12,,,,,1.47,2.57,,,,,104.17,86.8337,,885781.0,,5437.0,,7.0095,,19.59,1.6
2008-04-26,17.5,GREEN,12,,,,,1.47,2.57,,,,,104.17,86.8337,,885781.0,,5437.0,,7.0095,,19.59,1.6
2008-04-27,17.5,GREEN,12,,,,,1.47,2.57,,,,,104.17,86.8337,,885781.0,,5437.0,,7.0095,,19.59,1.6
2008-04-28,17.5,GREEN,12,,,,,1.5,2.43,,,,,104.3,86.7635,,885781.0,,5437.0,,7.002,,19.64,1.48
2008-04-29,25.0,YELLOW,12,,,,,1.5,2.39,,,,,103.4,86.873,,885781.0,,5437.0,,6.9845,,20.24,1.43
2008-04-30,25.0,YELLOW,12,,,,,1.48,2.34,,,,,104.53,86.8907,,888131.0,,5721.0,,6.987,,20.79,1.44
2008-05-01,38.75,YELLOW,10,,,,,1.41,2.33,,,,,104.04,87.1347,1.778,888131.0,,5721.0,1799217.17869379,6.9876,,18.88,1.36
2008-05-02,38.75,YELLOW,10,,,,,1.42,2.39,,,,,105.33,87.2311,1.778,888131.0,,5721.0,1799217.17869379,6.987,,18.18,1.3
2008-05-03,38.75,YELLOW,10,,,,,1.42,2.39,,,,,105.33,87.2311,1.778,888131.0,,5721.0,1799217.17869379,6.987,,18.18,1.3
2008-05-04,38.75,YELLOW,10,,,,,1.42,2.39,,,,,105.33,87.2311,1.778,888131.0,,5721.0,1799217.17869379,6.987,,18.18,1.3
2008-05-05,38.75,YELLOW,10,,,,,1.46,2.35,,,,,105.12,87.0636,1.778,888131.0,,5721.0,1799217.17869379,6.9815,,18.9,1.3
2008-05-06,38.75,YELLOW,10,,,,,1.55,2.3,,,,,104.54,86.847,1.778,888131.0,,5721.0,1799217.17869379,6.986,,18.21,1.16
2008-05-07,38.75,YELLOW,10,,,,,1.56,2.2,,,,,105.28,87.3421,1.778,889228.0,,5191.0,1799217.17869379,6.986,,19.73,1.09
2008-05-08,38.75,YELLOW,10,,,,,1.54,2.13,,,,,103.87,87.4575,1.778,889228.0,,5191.0,1799217.17869379,7.0,,19.4,1.09
2008-05-09,38.75,YELLOW,10,,,,,1.52,2.08,,,,,103.01,87.2528,1.778,889228.0,,5191.0,1799217.17869379,6.9876,,19.41,1.03
2008-05-10,38.75,YELLOW,10,,,,,1.52,2.08,,,,,103.01,87.2528,1.778,889228.0,,5191.0,1799217.17869379,6.9876,,19.41,1.03
2008-05-11,38.75,YELLOW,10,,,,,1.52,2.08,,,,,103.01,87.2528,1.778,889228.0,,5191.0,1799217.17869379,6.9876,,19.41,1.03
2008-05-12,8.75,GREEN,12,,,,,1.48,2.01,,,,,103.83,87.0403,,889228.0,,5191.0,,6.9881,,17.79,0.94
2008-05-13,8.75,GREEN,12,,,,,1.43,2.07,,,,,104.41,87.1332,,889228.0,,5191.0,,6.9889,,17.98,0.88
2008-05-14,8.75,GREEN,12,,,,,1.39,2.1,,,,,105.2,87.3659,,880175.0,,4657.0,,6.999,,17.66,0.93
2008-05-15,8.75,GREEN,12,,,,,1.38,2.0,,,,,104.61,87.1823,,880175.0,,4657.0,,6.9943,,16.3,0.92
2008-05-16,8.75,GREEN,12,,,,,1.38,2.01,,,,,103.86,86.7855,,880175.0,,4657.0,,6.988,,16.47,0.88
2008-05-17,8.75,GREEN,12,,,,,1.38,2.01,,,,,103.86,86.7855,,880175.0,,4657.0,,6.988,,16.47,0.88
2008-05-18,8.75,GREEN,12,,,,,1.38,2.01,,,,,103.86,86.7855,,880175.0,,4657.0,,6.988,,16.47,0.88
2008-05-19,8.75,GREEN,12,,,,,1.41,2.01,,,,,104.55,86.8225,,880175.0,,4657.0,,6.97,,17.01,0.89
2008-05-20,8.75,GREEN,12,,,,,1.44,1.92,,,,,103.66,86.5627,,880175.0,,4657.0,,6.9725,,17.58,0.83
2008-05-21,8.75,GREEN,12,,,,,1.4,1.95,,,,,103.34,86.1595,,898487.0,,4399.0,,6.9592,,18.59,0.81
2008-05-22,8.75,GREEN,12,,,,,1.36,2.06,,,,,104.03,86.3223,,898487.0,,4399.0,,6.942,,18.05,0.81
2008-05-23,8.75,GREEN,12,,,,,1.39,1.99,,,,,103.22,86.1922,,898487.0,,4399.0,,6.9412,,19.55,0.83
2008-05-24,8.75,GREEN,12,,,,,1.39,1.99,,,,,103.22,86.1922,,898487.0,,4399.0,,6.9412,,19.55,0.83
2008-05-25,8.75,GREEN,12,,,,,1.39,1.99,,,,,103.22,86.1922,,898487.0,,4399.0,,6.9412,,19.55,0.83
2008-05-26,8.75,GREEN,12,,,,,1.39,1.99,,,,,103.22,86.19,,898487.0,,4399.0,,6.9412,,19.55,0.83
2008-05-27,8.75,GREEN,12,,,,,1.38,2.04,,,,,103.98,86.4459,,898487.0,,4399.0,,6.945,,19.64,0.78
2008-05-28,8.75,GREEN,12,,,,,1.41,2.14,,,,,104.69,86.4951,,904054.0,,4940.0,,6.9408,,19.07,0.79
2008-05-29,8.75,GREEN,12,,,,,1.41,2.18,,,,,105.52,86.5616,,904054.0,,4940.0,,6.9377,,18.14,0.81
2008-05-30,8.75,GREEN,12,,,,,1.4,2.17,,,,,105.46,86.5504,,904054.0,,4940.0,,6.94,,17.83,0.83
2008-05-31,8.75,GREEN,12,,,,,1.4,2.17,,,,,105.46,86.5504,,904054.0,,4940.0,,6.94,,17.83,0.83
2008-06-01,30.0,YELLOW,10,,,,,1.4,2.17,,,,,105.46,86.5504,1.601,904054.0,,4940.0,1811063.377732835,6.94,,17.83,0.83
2008-06-02,30.0,YELLOW,10,,,,,1.47,2.13,,,,,104.41,86.6321,1.601,904054.0,,4940.0,1811063.377732835,6.9325,,19.83,0.86
2008-06-03,37.5,YELLOW,10,,,,,1.47,2.07,,,,,105.29,86.8359,1.601,904054.0,,4940.0,1811063.377732835,6.9341,,20.24,0.85
2008-06-04,37.5,YELLOW,10,,,,,1.51,2.14,,,,,104.99,87.0999,1.601,895939.0,,4844.0,1811063.377732835,6.9633,,20.8,0.86
2008-06-05,30.0,YELLOW,10,,,,,1.54,2.21,,,,,106.0,87.0968,1.601,895939.0,,4844.0,1811063.377732835,6.946,,18.63,0.86
2008-06-06,37.5,YELLOW,10,,,,,1.54,2.09,,,,,105.33,86.8028,1.601,895939.0,,4844.0,1811063.377732835,6.923,,23.56,0.89
2008-06-07,37.5,YELLOW,10,,,,,1.54,2.09,,,,,105.33,86.8028,1.601,895939.0,,4844.0,1811063.377732835,6.923,,23.56,0.89
2008-06-08,37.5,YELLOW,10,,,,,1.54,2.09,,,,,105.33,86.8028,1.601,895939.0,,4844.0,1811063.377732835,6.923,,23.56,0.89
2008-06-09,37.5,YELLOW,10,,,,,1.29,2.13,,,,,106.06,86.9096,1.601,895939.0,,4844.0,1811063.377732835,6.923,,23.12,0.83
2008-06-10,37.5,YELLOW,10,,,,,1.2,2.09,,,,,107.19,87.4705,1.601,895939.0,,4844.0,1811063.377732835,6.9248,,23.18,0.81
2008-06-11,37.5,YELLOW,10,,,,,1.27,2.14,,,,,106.77,87.2059,1.601,890610.0,,4849.0,1811063.377732835,6.9095,,24.12,0.87
2008-06-12,16.25,GREEN,12,,,,,1.2,2.23,,,,,107.94,87.6187,,890610.0,,4849.0,,6.907,,23.33,0.82
2008-06-13,16.25,GREEN,12,,,,,1.22,2.28,,,,,107.92,87.7622,,890610.0,,4849.0,,6.9044,,21.22,0.86
2008-06-14,16.25,GREEN,12,,,,,1.22,2.28,,,,,107.92,87.7622,,890610.0,,4849.0,,6.9044,,21.22,0.86
2008-06-15,16.25,GREEN,12,,,,,1.22,2.28,,,,,107.92,87.7622,,890610.0,,4849.0,,6.9044,,21.22,0.86
2008-06-16,16.25,GREEN,12,,,,,1.23,2.18,,,,,108.19,87.3911,,890610.0,,4849.0,,6.8911,,20.95,0.77
2008-06-17,16.25,GREEN,12,,,,,1.29,2.24,,,,,108.03,87.2103,,890610.0,,4849.0,,6.8954,,21.13,0.85
2008-06-18,16.25,GREEN,12,,,,,1.27,2.23,,,,,108.05,87.1872,,902304.0,,4926.0,,6.8821,,22.24,0.91
2008-06-19,16.25,GREEN,12,,,,,1.23,2.31,,,,,107.95,87.0815,,902304.0,,4926.0,,6.877,,21.58,0.93
2008-06-20,16.25,GREEN,12,,,,,1.28,2.29,,,,,107.42,86.9036,,902304.0,,4926.0,,6.8796,,22.87,0.97
2008-06-21,16.25,GREEN,12,,,,,1.28,2.29,,,,,107.42,86.9036,,902304.0,,4926.0,,6.8796,,22.87,0.97
2008-06-22,16.25,GREEN,12,,,,,1.28,2.29,,,,,107.42,86.9036,,902304.0,,4926.0,,6.8796,,22.87,0.97
2008-06-23,16.25,GREEN,12,,,,,1.21,2.32,,,,,107.89,87.2163,,902304.0,,4926.0,,6.874,,22.64,0.95
2008-06-24,25.0,YELLOW,12,,,,,1.23,2.27,,,,,107.76,86.9666,,902304.0,,4926.0,,6.8699,,22.42,1.01
2008-06-25,25.0,YELLOW,12,,,,,1.3,2.31,,,,,108.29,87.0535,,892713.0,,5070.0,,6.8653,,21.14,1.03
2008-06-26,25.0,YELLOW,12,,,,,1.39,2.33,,,,,107.29,86.6793,,892713.0,,5070.0,,6.863,,23.93,1.1
2008-06-27,25.0,YELLOW,12,,,,,1.34,2.31,,,,,106.28,86.643,,892713.0,,5070.0,,6.8618,,23.44,1.15
2008-06-28,25.0,YELLOW,12,,,,,1.34,2.31,,,,,106.28,86.643,,892713.0,,5070.0,,6.8618,,23.44,1.15
2008-06-29,25.0,YELLOW,12,,,,,1.34,2.31,,,,,106.28,86.643,,892713.0,,5070.0,,6.8618,,23.44,1.15
2008-06-30,16.25,GREEN,12,,,,,1.36,2.09,,,,,106.17,86.7621,,892713.0,,5070.0,,6.8591,,23.95,0.91
2008-07-01,37.5,YELLOW,10,,,,,1.38,2.14,,,,,105.73,86.8447,1.537,892713.0,,5070.0,1847384.575033876,6.8608,,23.65,0.95
2008-07-02,37.5,YELLOW,10,,,,,1.39,2.17,,,,,105.87,86.4782,1.537,902962.0,,5042.0,1847384.575033876,6.8542,,25.92,1.0
2008-07-03,37.5,YELLOW,10,,,,,1.45,2.15,,,,,106.79,86.8843,1.537,902962.0,,5042.0,1847384.575033876,6.8529,,24.79,0.98
2008-07-04,37.5,YELLOW,10,,,,,1.45,2.15,,,,,106.79,86.8781,1.537,902962.0,,5042.0,1847384.575033876,6.8529,,24.79,0.98
2008-07-05,37.5,YELLOW,10,,,,,1.45,2.15,,,,,106.79,86.8781,1.537,902962.0,,5042.0,1847384.575033876,6.8529,,24.79,0.98
2008-07-06,37.5,YELLOW,10,,,,,1.45,2.15,,,,,106.79,86.8781,1.537,902962.0,,5042.0,1847384.575033876,6.8529,,24.79,0.98
2008-07-07,37.5,YELLOW,10,,,,,1.48,2.08,,,,,107.55,86.9617,1.537,902962.0,,5042.0,1847384.575033876,6.8567,,25.78,0.95
2008-07-08,37.5,YELLOW,10,,,,,1.44,2.05,,,,,107.35,86.9778,1.537,902962.0,,5042.0,1847384.575033876,6.851,,23.15,0.96
2008-07-09,37.5,YELLOW,10,,,,,1.44,2.03,,,,,107.12,86.5335,1.537,898034.0,,5180.0,1847384.575033876,6.8632,,25.23,1.0
2008-07-10,46.25,YELLOW,10,,,,,1.39,2.16,,,,,107.03,86.5122,1.537,898034.0,,5180.0,1847384.575033876,6.843,,25.59,1.15
2008-07-11,46.25,YELLOW,10,,,,,1.37,2.34,,,,,106.14,86.221,1.537,898034.0,,5180.0,1847384.575033876,6.8338,,27.49,1.21
2008-07-12,25.0,YELLOW,12,,,,,1.37,2.34,,,,,106.14,86.221,,898034.0,,5180.0,,6.8338,,27.49,1.21
2008-07-13,25.0,YELLOW,12,,,,,1.37,2.34,,,,,106.14,86.221,,898034.0,,5180.0,,6.8338,,27.49,1.21
2008-07-14,25.0,YELLOW,12,,,,,1.43,2.38,,,,,106.18,86.1079,,898034.0,,5180.0,,6.845,,28.48,1.29
2008-07-15,25.0,YELLOW,12,,,,,1.48,2.48,,,,,104.78,85.8731,,898034.0,,5180.0,,6.8211,,28.54,1.42
2008-07-16,25.0,YELLOW,12,,,,,1.53,2.6,,,,,104.64,85.9285,,910681.0,,4711.0,,6.8104,,25.1,1.44
2008-07-17,25.0,YELLOW,12,,,,,1.49,2.64,,,,,105.82,85.9387,,910681.0,,4711.0,,6.8189,,25.01,1.39
2008-07-18,25.0,YELLOW,12,,,,,1.45,2.63,,,,,106.75,86.0735,,910681.0,,4711.0,,6.8168,,24.05,1.34
2008-07-19,25.0,YELLOW,12,,,,,1.45,2.63,,,,,106.75,86.0735,,910681.0,,4711.0,,6.8168,,24.05,1.34
2008-07-20,25.0,YELLOW,12,,,,,1.45,2.63,,,,,106.75,86.0735,,910681.0,,4711.0,,6.8168,,24.05,1.34
2008-07-21,25.0,YELLOW,12,,,,,1.43,2.61,,,,,106.74,86.0151,,910681.0,,4711.0,,6.8271,,23.05,1.34
2008-07-22,25.0,YELLOW,12,,,,,1.4,2.59,,,,,107.11,86.1909,,910681.0,,4711.0,,6.8248,,21.18,1.28
2008-07-23,25.0,YELLOW,12,,,,,1.35,2.57,,,,,107.68,86.2664,,899665.0,,5419.0,,6.8279,,21.31,1.24
2008-07-24,25.0,YELLOW,12,,,,,1.42,2.38,,,,,107.62,86.4017,,899665.0,,5419.0,,6.8292,,23.44,1.17
2008-07-25,25.0,YELLOW,12,,,,,1.43,2.38,,,,,107.89,86.3916,,899665.0,,5419.0,,6.8189,,22.91,1.08
2008-07-26,25.0,YELLOW,12,,,,,1.43,2.38,,,,,107.89,86.3916,,899665.0,,5419.0,,6.8189,,22.91,1.08
2008-07-27,25.0,YELLOW,12,,,,,1.43,2.38,,,,,107.89,86.3916,,899665.0,,5419.0,,6.8189,,22.91,1.08
2008-07-28,25.0,YELLOW,12,,,,,1.47,2.33,,,,,107.49,86.4666,,899665.0,,5419.0,,6.8332,,24.23,1.1
2008-07-29,25.0,YELLOW,12,,,,,1.44,2.37,,,,,108.19,86.8175,,899665.0,,5419.0,,6.8264,,22.03,1.11
2008-07-30,25.0,YELLOW,12,,,,,1.43,2.37,,,,,108.17,86.8167,,918625.0,,5094.0,,6.8272,,21.21,1.13
2008-07-31,25.0,YELLOW,12,,,,,1.47,2.31,,,,,108.1,86.8567,,918625.0,,5094.0,,6.8388,,22.94,1.14
2008-08-01,46.25,YELLOW,10,,,,,1.46,2.31,,,,,107.59,86.8257,1.431,918625.0,,5094.0,1886314.079909826,6.8423,,22.57,1.16
2008-08-02,46.25,YELLOW,10,,,,,1.46,2.31,,,,,107.59,86.8257,1.431,918625.0,,5094.0,1886314.079909826,6.8423,,22.57,1.16
2008-08-03,46.25,YELLOW,10,,,,,1.46,2.31,,,,,107.59,86.8257,1.431,918625.0,,5094.0,1886314.079909826,6.8423,,22.57,1.16
2008-08-04,46.25,YELLOW,10,,,,,1.45,2.23,,,,,108.23,87.0611,1.431,918625.0,,5094.0,1886314.079909826,6.8471,,23.49,1.08
2008-08-05,46.25,YELLOW,10,,,,,1.5,2.29,,,,,108.2,87.3281,1.431,918625.0,,5094.0,1886314.079909826,6.8501,,21.14,1.08
2008-08-06,46.25,YELLOW,10,,,,,1.5,2.42,,,,,109.39,87.6004,1.431,901710.0,,4880.0,1886314.079909826,6.8482,,20.23,1.19
2008-08-07,46.25,YELLOW,10,,,,,1.49,2.26,,,,,109.44,87.8732,1.431,901710.0,,4880.0,1886314.079909826,6.8555,,21.15,1.17
2008-08-08,46.25,YELLOW,10,,,,,1.43,2.24,,,,,110.09,88.8939,1.431,901710.0,,4880.0,1886314.079909826,6.8604,,20.66,1.13
2008-08-09,46.25,YELLOW,10,,,,,1.43,2.24,,,,,110.09,88.8939,1.431,901710.0,,4880.0,1886314.079909826,6.8604,,20.66,1.13
2008-08-10,46.25,YELLOW,10,,,,,1.43,2.24,,,,,110.09,88.8939,1.431,901710.0,,4880.0,1886314.079909826,6.8604,,20.66,1.13
2008-08-11,37.5,YELLOW,10,,,,,1.43,2.12,,,,,110.08,89.035,1.431,901710.0,,4880.0,1886314.079909826,6.8577,,20.12,0.96
2008-08-12,16.25,GREEN,12,,,,,1.46,2.05,,,,,109.78,89.1916,,901710.0,,4880.0,,6.8659,,21.17,0.97
2008-08-13,16.25,GREEN,12,,,,,1.44,2.09,,,,,108.71,89.3211,,914632.0,,4859.0,,6.8601,,21.55,0.98
2008-08-14,16.25,GREEN,12,,,,,1.44,2.0,,,,,109.75,89.3675,,914632.0,,4859.0,,6.86,,20.34,0.96
2008-08-15,8.75,GREEN,12,,,,,1.44,1.99,,,,,110.48,89.7244,,914632.0,,4859.0,,6.8649,,19.58,1.0
2008-08-16,8.75,GREEN,12,,,,,1.44,1.99,,,,,110.48,89.7244,,914632.0,,4859.0,,6.8649,,19.58,1.0
2008-08-17,8.75,GREEN,12,,,,,1.44,1.99,,,,,110.48,89.7244,,914632.0,,4859.0,,6.8649,,19.58,1.0
2008-08-18,25.0,YELLOW,12,,,,,1.47,2.0,,,,,110.07,89.5966,,914632.0,,4859.0,,6.8705,,20.98,1.02
2008-08-19,25.0,YELLOW,12,,,,,1.51,2.03,,,,,109.68,89.6465,,914632.0,,4859.0,,6.8599,,21.28,1.04
2008-08-20,25.0,YELLOW,12,,,,,1.54,2.08,,,,,109.98,89.6977,,898611.0,,4765.0,,6.8529,,20.42,1.13
2008-08-21,17.5,GREEN,12,,,,,1.51,2.12,,,,,108.35,88.9128,,898611.0,,4765.0,,6.8405,,19.82,1.12
2008-08-22,17.5,GREEN,12,,,,,1.45,2.17,,,,,109.88,89.2381,,898611.0,,4765.0,,6.8333,,18.81,1.14
2008-08-23,17.5,GREEN,12,,,,,1.45,2.17,,,,,109.88,89.2381,,898611.0,,4765.0,,6.8333,,18.81,1.14
2008-08-24,17.5,GREEN,12,,,,,1.45,2.17,,,,,109.88,89.2381,,898611.0,,4765.0,,6.8333,,18.81,1.14
2008-08-25,25.0,YELLOW,12,,,,,1.46,2.05,,,,,109.11,89.3094,,898611.0,,4765.0,,6.848,,20.97,1.14
2008-08-26,25.0,YELLOW,12,,,,,1.44,2.08,,,,,109.83,89.7007,,898611.0,,4765.0,,6.78,,20.49,1.13
2008-08-27,17.5,GREEN,12,,,,,1.46,2.1,,,,,109.72,89.6419,,909982.0,,4828.0,,6.807,,19.76,1.17
2008-08-28,17.5,GREEN,12,,,,,1.42,2.05,,,,,109.56,89.8225,,909982.0,,4828.0,,6.8405,,19.43,1.1
2008-08-29,25.0,YELLOW,12,,,,,1.47,2.11,,,,,108.69,90.0567,,909982.0,,4828.0,,6.8252,,20.65,1.12
2008-08-30,25.0,YELLOW,12,,,,,1.47,2.11,,,,,108.69,90.0567,,909982.0,,4828.0,,6.8252,,20.65,1.12
2008-08-31,25.0,YELLOW,12,,,,,1.47,2.11,,,,,108.69,90.0567,,909982.0,,4828.0,,6.8252,,20.65,1.12
2008-09-01,46.25,YELLOW,10,,,,,1.47,2.11,,,,,108.69,90.08,1.481,909982.0,,4828.0,1907729.460413069,6.8252,,20.65,1.12
2008-09-02,46.25,YELLOW,10,,,,,1.48,2.02,,,,,108.85,90.8438,1.481,909982.0,,4828.0,1907729.460413069,6.8215,,21.99,1.12
2008-09-03,46.25,YELLOW,10,,,,,1.45,2.01,,,,,108.18,90.8286,1.481,905253.0,,4746.0,1907729.460413069,6.8429,,21.43,1.14
2008-09-04,46.25,YELLOW,10,,,,,1.44,1.95,,,,,107.76,91.1621,1.481,905253.0,,4746.0,1907729.460413069,6.851,,24.03,1.16
2008-09-05,46.25,YELLOW,10,,,,,1.43,1.98,,,,,106.96,91.341,1.481,905253.0,,4746.0,1907729.460413069,6.84,,23.06,1.16
2008-09-06,46.25,YELLOW,10,,,,,1.43,1.98,,,,,106.96,91.341,1.481,905253.0,,4746.0,1907729.460413069,6.84,,23.06,1.16
2008-09-07,46.25,YELLOW,10,,,,,1.43,1.98,,,,,106.96,91.341,1.481,905253.0,,4746.0,1907729.460413069,6.84,,23.06,1.16
2008-09-08,46.25,YELLOW,10,,,,,1.36,1.95,,,,,107.91,91.663,1.481,905253.0,,4746.0,1907729.460413069,6.8438,,22.64,1.13
2008-09-09,46.25,YELLOW,10,,,,,1.39,1.96,,,,,107.1,91.5779,1.481,905253.0,,4746.0,1907729.460413069,6.8381,,25.47,1.19
2008-09-10,46.25,YELLOW,10,,,,,1.43,2.0,,,,,107.86,92.1283,1.481,925725.0,,4723.0,1907729.460413069,6.835,,24.52,1.2
2008-09-11,46.25,YELLOW,10,,,,,1.46,2.03,,,,,106.66,92.4901,1.481,925725.0,,4723.0,1907729.460413069,6.8465,,24.39,1.24
2008-09-12,25.0,YELLOW,12,,,,,1.51,2.25,,,,,107.51,91.4706,,925725.0,,4723.0,,6.781,,25.66,1.36
2008-09-13,25.0,YELLOW,12,,,,,1.51,2.25,,,,,107.51,91.4706,,925725.0,,4723.0,,6.781,,25.66,1.36
2008-09-14,25.0,YELLOW,12,,,,,1.51,2.25,,,,,107.51,91.4706,,925725.0,,4723.0,,6.781,,25.66,1.36
2008-09-15,32.5,YELLOW,12,,,,,1.69,2.45,,,,,105.67,91.757,,925725.0,,4723.0,,6.8482,,31.7,1.79
2008-09-16,32.5,YELLOW,12,,,,,1.59,2.64,,,,,105.11,92.0594,,925725.0,,4723.0,,6.8391,,30.3,2.04
2008-09-17,32.5,YELLOW,12,,,,,1.77,3.38,,,,,104.71,92.0982,,995093.0,,4941.0,,6.829,,36.22,3.03
2008-09-18,32.5,YELLOW,12,,,,,1.76,3.31,,,,,104.85,91.7111,,995093.0,,4941.0,,6.8375,,33.1,2.97
2008-09-19,32.5,YELLOW,12,,,,,1.62,2.79,,,,,107.18,91.0014,,995093.0,,4941.0,,6.8355,,32.07,2.24
2008-09-20,32.5,YELLOW,12,,,,,1.62,2.79,,,,,107.18,91.0014,,995093.0,,4941.0,,6.8355,,32.07,2.24
2008-09-21,32.5,YELLOW,12,,,,,1.62,2.79,,,,,107.18,91.0014,,995093.0,,4941.0,,6.8355,,32.07,2.24
2008-09-22,32.5,YELLOW,12,,,,,1.7,2.55,,,,,106.35,90.1119,,995093.0,,4941.0,,6.8306,,33.85,1.91
2008-09-23,32.5,YELLOW,12,,,,,1.74,3.05,,,,,105.8,90.1221,,995093.0,,4941.0,,6.8114,,35.72,2.4
2008-09-24,45.0,YELLOW,11,,,,,1.77,3.31,,,,,106.03,90.4602,,1211825.0,25.0,5088.0,,6.8233,,35.19,2.98
2008-09-25,45.0,YELLOW,11,,,,,1.72,3.12,,,,,106.48,90.4651,,1211825.0,22.0,5088.0,,6.815,,32.82,3.02
2008-09-26,45.0,YELLOW,11,,,,,1.74,2.98,,,,,106.06,90.6872,,1211825.0,26.0,5088.0,,6.8431,,34.74,2.9
2008-09-27,45.0,YELLOW,11,,,,,1.74,2.98,,,,,106.06,90.6872,,1211825.0,26.0,5088.0,,6.8431,,34.74,2.9
2008-09-28,45.0,YELLOW,11,,,,,1.74,2.98,,,,,106.06,90.6872,,1211825.0,26.0,5088.0,,6.8431,,34.74,2.9
2008-09-29,45.0,YELLOW,11,,,,,1.91,2.67,,,,,105.1,91.3961,,1211825.0,26.0,5088.0,,6.8431,,46.72,2.92
2008-09-30,45.0,YELLOW,11,,,,,1.85,2.93,,,,,105.94,92.3773,,1211825.0,26.0,5088.0,,6.7899,,39.39,3.15
2008-10-01,66.25,RED,9,,,,,1.95,2.92,,,,,106.06,92.511,1.486,1503989.0,20.0,8629.0,1881712.894738722,6.8485,,39.81,3.31
2008-10-02,66.25,RED,9,,,,,2.04,3.03,,,,,105.3,93.3792,1.486,1503989.0,25.0,8629.0,1881712.894738722,6.842,,45.26,3.59
2008-10-03,66.25,RED,9,,,,,2.03,3.12,,,,,105.76,93.5414,1.486,1503989.0,25.0,8629.0,1881712.894738722,6.8431,,45.14,3.83
2008-10-04,66.25,RED,9,,,,,2.03,3.12,,,,,105.76,93.5414,1.486,1503989.0,25.0,8629.0,1881712.894738722,6.8431,,45.14,3.83
2008-10-05,66.25,RED,9,,,,,2.03,3.12,,,,,105.76,93.5414,1.486,1503989.0,25.0,8629.0,1881712.894738722,6.8431,,45.14,3.83
2008-10-06,66.25,RED,9,,,,,2.05,2.94,,,,,101.26,95.1629,1.486,1503989.0,25.0,8629.0,1881712.894738722,6.842,,52.05,3.75
2008-10-07,66.25,RED,9,,,,,2.03,2.68,,,,,102.3,95.4889,1.486,1503989.0,25.0,8629.0,1881712.894738722,6.8171,,53.68,3.51
2008-10-08,66.25,RED,9,,,,,2.07,3.04,,,,,99.73,96.9684,1.486,1591587.0,25.0,7910.0,1881712.894738722,6.8171,,57.53,3.85
2008-10-09,66.25,RED,9,,,,,2.19,3.24,,,,,100.67,96.5143,1.486,1591587.0,25.0,7910.0,1881712.894738722,6.8202,,63.92,4.17
2008-10-10,66.25,RED,9,,,,,2.27,3.64,,,,,99.44,97.999,1.486,1591587.0,25.0,7910.0,1881712.894738722,6.8357,,69.95,4.58
2008-10-11,66.25,RED,9,,,,,2.27,3.64,,,,,99.44,97.999,1.486,1591587.0,25.0,7910.0,1881712.894738722,6.8357,,69.95,4.58
2008-10-12,45.0,YELLOW,11,,,,,2.27,3.64,,,,,99.44,97.999,,1591587.0,25.0,7910.0,,6.8357,,69.95,4.58
2008-10-13,45.0,YELLOW,11,,,,,2.27,3.64,,,,,99.44,97.9686,,1591587.0,25.0,7910.0,,6.8357,,54.99,4.58
2008-10-14,45.0,YELLOW,11,,,,,2.26,3.74,,,,,102.17,96.2544,,1591587.0,25.0,7910.0,,6.8339,,55.13,4.3
2008-10-15,45.0,YELLOW,11,,,,,2.4,3.82,,,,,101.47,97.2045,,1770809.0,25.0,7338.0,,6.835,,69.25,4.33
2008-10-16,45.0,YELLOW,11,,,,,2.38,3.53,,,,,100.46,98.368,,1770809.0,25.0,7338.0,,6.8332,,67.61,4.05
2008-10-17,45.0,YELLOW,11,,,,,2.34,3.15,,,,,101.4,97.7255,,1770809.0,25.0,7338.0,,6.8332,,70.33,3.62
2008-10-18,45.0,YELLOW,11,,,,,2.34,3.15,,,,,101.4,97.7255,,1770809.0,25.0,7338.0,,6.8332,,70.33,3.62
2008-10-19,45.0,YELLOW,11,,,,,2.34,3.15,,,,,101.4,97.7255,,1770809.0,25.0,7338.0,,6.8332,,70.33,3.62
2008-10-20,45.0,YELLOW,11,,,,,2.2,2.67,,,,,101.74,98.1605,,1770809.0,25.0,7338.0,,6.8299,,52.97,2.82
2008-10-21,45.0,YELLOW,11,,,,,2.18,2.66,,,,,100.43,99.4242,,1770809.0,25.0,7338.0,,6.8337,,53.11,2.74
2008-10-22,45.0,YELLOW,11,,,,,2.12,2.6,,,,,98.63,101.2131,,1802602.0,25.0,23166.0,,6.8341,,69.65,2.51
2008-10-23,45.0,YELLOW,11,,,,,2.09,2.65,,,,,97.6,101.1071,,1802602.0,25.0,23166.0,,6.8354,,67.8,2.58
2008-10-24,45.0,YELLOW,11,,,,,2.19,2.87,,,,,92.64,101.8442,,1802602.0,25.0,23166.0,,6.8432,,79.13,2.66
2008-10-25,45.0,YELLOW,11,,,,,2.19,2.87,,,,,92.64,101.8442,,1802602.0,25.0,23166.0,,6.8432,,79.13,2.66
2008-10-26,45.0,YELLOW,11,,,,,2.19,2.87,,,,,92.64,101.8442,,1802602.0,25.0,23166.0,,6.8432,,79.13,2.66
2008-10-27,45.0,YELLOW,11,,,,,2.2,2.95,,,,,93.28,102.3415,,1802602.0,25.0,23166.0,,6.8521,,80.06,2.67
2008-10-28,45.0,YELLOW,11,,,,,2.24,3.12,,,,,95.68,102.4236,,1802602.0,25.0,23166.0,,6.8385,,66.96,2.7
2008-10-29,45.0,YELLOW,11,,,,,2.35,3.31,,,,,97.48,100.0967,,1969086.0,25.0,100736.0,,6.839,,69.96,2.81
2008-10-30,45.0,YELLOW,11,,,,,2.41,3.59,,,,,97.47,99.4568,,1969086.0,25.0,100736.0,,6.8408,,62.9,2.79
2008-10-31,45.0,YELLOW,11,,,,,2.45,3.55,,,,,98.28,99.7662,,1969086.0,25.0,100736.0,,6.8388,,59.89,2.59
2008-11-01,66.25,RED,9,,,,,2.45,3.55,,,,,98.28,99.7662,1.377,1969086.0,25.0,100736.0,1887930.464226993,6.8388,,59.89,2.59
2008-11-02,66.25,RED,9,,,,,2.45,3.55,,,,,98.28,99.7662,1.377,1969086.0,25.0,100736.0,1887930.464226993,6.8388,,59.89,2.59
2008-11-03,66.25,RED,9,,,,,2.51,3.47,,,,,98.95,99.4345,1.377,1969086.0,25.0,100736.0,1887930.464226993,6.8373,,53.68,2.37
2008-11-04,66.25,RED,9,,,,,2.42,3.33,,,,,100.48,97.9957,1.377,1969086.0,25.0,100736.0,1887930.464226993,6.836,,47.73,2.23
2008-11-05,66.25,RED,9,,,,,2.37,3.33,,,,,98.95,98.0953,1.377,2074205.0,25.0,31800.0,1887930.464226993,6.8285,,54.56,2.12
2008-11-06,66.25,RED,9,,,,,2.47,3.43,,,,,98.04,99.5364,1.377,2074205.0,25.0,31800.0,1887930.464226993,6.8245,,63.68,2.08
2008-11-07,66.25,RED,9,,,,,2.5,3.52,,,,,98.15,99.3944,1.377,2074205.0,25.0,31800.0,1887930.464226993,6.8255,,56.1,1.99
2008-11-08,66.25,RED,9,,,,,2.5,3.52,,,,,98.15,99.3944,1.377,2074205.0,25.0,31800.0,1887930.464226993,6.8255,,56.1,1.99
2008-11-09,66.25,RED,9,,,,,2.5,3.52,,,,,98.15,99.3944,1.377,2074205.0,25.0,31800.0,1887930.464226993,6.8255,,56.1,1.99
2008-11-10,66.25,RED,9,,,,,2.55,3.53,,,,,97.96,99.5897,1.377,2074205.0,15.0,31800.0,1887930.464226993,6.8267,,59.98,1.94
2008-11-11,66.25,RED,9,,,,,2.55,3.53,,,,,97.96,99.6041,1.377,2074205.0,15.0,31800.0,1887930.464226993,6.8267,,61.44,1.94
2008-11-12,45.0,YELLOW,11,,,,,2.56,3.57,,,,,95.54,101.1947,,2212852.0,25.0,61776.0,,6.8293,,66.46,1.95
2008-11-13,45.0,YELLOW,11,,,,,2.6,3.62,,,,,95.95,101.774,,2212852.0,25.0,61776.0,,6.8291,,59.83,1.94
2008-11-14,45.0,YELLOW,11,,,,,2.5,3.57,,,,,96.66,100.9705,,2212852.0,25.0,61776.0,,6.8236,,66.31,2.1
2008-11-15,45.0,YELLOW,11,,,,,2.5,3.57,,,,,96.66,100.9705,,2212852.0,25.0,61776.0,,6.8236,,66.31,2.1
2008-11-16,45.0,YELLOW,11,,,,,2.5,3.57,,,,,96.66,100.9705,,2212852.0,25.0,61776.0,,6.8236,,66.31,2.1
2008-11-17,45.0,YELLOW,11,,,,,2.46,3.56,,,,,97.03,101.1029,,2212852.0,25.0,61776.0,,6.8264,,69.15,2.12
2008-11-18,45.0,YELLOW,11,,,,,2.38,3.41,,,,,97.38,101.3965,,2212852.0,20.0,61776.0,,6.8239,,67.64,2.1
2008-11-19,45.0,YELLOW,11,,,,,2.29,3.31,,,,,96.75,101.8804,,2187137.0,25.0,60465.0,,6.8295,,74.26,2.1
2008-11-20,45.0,YELLOW,11,,,,,2.1,3.07,,,,,94.98,103.2737,,2187137.0,25.0,60465.0,,6.834,,80.86,2.12
2008-11-21,45.0,YELLOW,11,,,,,2.11,3.18,,,,,95.42,103.6289,,2187137.0,25.0,60465.0,,6.8302,,72.67,2.14
2008-11-22,45.0,YELLOW,11,,,,,2.11,3.18,,,,,95.42,103.6289,,2187137.0,25.0,60465.0,,6.8302,,72.67,2.14
2008-11-23,45.0,YELLOW,11,,,,,2.11,3.18,,,,,95.42,103.6289,,2187137.0,25.0,60465.0,,6.8302,,72.67,2.14
2008-11-24,45.0,YELLOW,11,,,,,2.04,3.22,,,,,96.69,101.502,,2187137.0,25.0,60465.0,,6.8249,,64.7,2.04
2008-11-25,45.0,YELLOW,11,,,,,1.96,3.01,,,,,95.53,100.7997,,2187137.0,25.0,60465.0,,6.822,,60.9,2.1
2008-11-26,45.0,YELLOW,11,,,,,1.9,2.94,,,,,95.46,101.2566,,2106117.0,25.0,64531.0,,6.8282,,54.92,2.13
2008-11-27,45.0,YELLOW,11,,,,,1.9,2.94,,,,,95.46,101.2564,,2106117.0,25.0,64531.0,,6.8282,,54.92,2.13
2008-11-28,45.0,YELLOW,11,,,,,1.93,2.92,,,,,95.46,101.6468,,2106117.0,25.0,64531.0,,6.8254,,55.84,2.21
2008-11-29,45.0,YELLOW,11,,,,,1.93,2.92,,,,,95.46,101.6468,,2106117.0,25.0,64531.0,,6.8254,,55.84,2.21
2008-11-30,45.0,YELLOW,11,,,,,1.93,2.92,,,,,95.46,101.6468,,2106117.0,25.0,64531.0,,6.8254,,55.84,2.21
2008-12-01,66.25,RED,9,,,,,1.82,2.65,,,,,93.71,102.1744,1.214,2106117.0,25.0,64531.0,1949259.953570114,6.8842,,68.51,2.15
2008-12-02,66.25,RED,9,,,,,1.78,2.62,,,,,93.64,101.9891,1.214,2106117.0,25.0,64531.0,1949259.953570114,6.8786,,62.98,2.15
2008-12-03,66.25,RED,9,,,,,1.8,2.65,,,,,93.25,102.4251,1.214,2136924.0,25.0,61049.0,1949259.953570114,6.8746,,60.72,2.18
2008-12-04,66.25,RED,9,,,,,1.73,2.53,,,,,92.78,102.0715,1.214,2136924.0,25.0,61049.0,1949259.953570114,6.8817,,63.64,2.17
2008-12-05,66.25,RED,9,,,,,1.74,2.65,,,,,92.18,103.4902,1.214,2136924.0,25.0,61049.0,1949259.953570114,6.8812,,59.93,2.17
2008-12-06,66.25,RED,9,,,,,1.74,2.65,,,,,92.18,103.4902,1.214,2136924.0,25.0,61049.0,1949259.953570114,6.8812,,59.93,2.17
2008-12-07,66.25,RED,9,,,,,1.74,2.65,,,,,92.18,103.4902,1.214,2136924.0,25.0,61049.0,1949259.953570114,6.8812,,59.93,2.17
2008-12-08,66.25,RED,9,,,,,1.8,2.74,,,,,92.77,101.7227,1.214,2136924.0,25.0,61049.0,1949259.953570114,6.877,,58.49,2.16
2008-12-09,66.25,RED,9,,,,,1.83,2.64,,,,,92.44,101.7346,1.214,2136924.0,25.0,61049.0,1949259.953570114,6.873,,58.91,2.13
2008-12-10,66.25,RED,9,,,,,1.83,2.69,,,,,92.94,101.2913,1.214,2250012.0,25.0,49529.0,1949259.953570114,6.864,,55.73,2.1
2008-12-11,66.25,RED,9,,,,,1.85,2.63,,,,,91.96,99.5101,1.214,2250012.0,25.0,49529.0,1949259.953570114,6.8513,,55.78,1.99
2008-12-12,45.0,YELLOW,11,,,,,1.82,2.58,,,,,91.26,100.319,,2250012.0,25.0,49529.0,,6.842,,54.28,1.9
2008-12-13,45.0,YELLOW,11,,,,,1.82,2.58,,,,,91.26,100.319,,2250012.0,25.0,49529.0,,6.842,,54.28,1.9
2008-12-14,45.0,YELLOW,11,,,,,1.82,2.58,,,,,91.26,100.319,,2250012.0,25.0,49529.0,,6.842,,54.28,1.9
2008-12-15,45.0,YELLOW,11,,,,,1.78,2.5,,,,,90.68,99.1001,,2250012.0,25.0,49529.0,,6.848,,56.76,1.83
2008-12-16,45.0,YELLOW,11,,,,,1.72,2.33,,,,,89.98,98.4771,,2250012.0,25.0,49529.0,,6.8448,,52.37,1.81
2008-12-17,45.0,YELLOW,11,,,,,1.47,2.15,,,,,87.84,96.8227,,2254983.0,25.0,79632.0,,6.835,,49.84,1.53
2008-12-18,45.0,YELLOW,11,,,,,1.4,2.08,,,,,89.81,96.8447,,2254983.0,25.0,79632.0,,6.8341,,47.34,1.52
2008-12-19,45.0,YELLOW,11,,,,,1.39,2.11,,,,,89.48,98.1278,,2254983.0,25.0,79632.0,,6.844,,44.93,1.48
2008-12-20,45.0,YELLOW,11,,,,,1.39,2.11,,,,,89.48,98.1278,,2254983.0,25.0,79632.0,,6.844,,44.93,1.48
2008-12-21,45.0,YELLOW,11,,,,,1.39,2.11,,,,,89.48,98.1278,,2254983.0,25.0,79632.0,,6.844,,44.93,1.48
2008-12-22,45.0,YELLOW,11,,,,,1.29,2.15,,,,,90.07,98.1643,,2254983.0,25.0,79632.0,,6.851,,44.56,1.46
2008-12-23,45.0,YELLOW,11,,,,,1.28,2.16,,,,,90.57,98.2698,,2254983.0,25.0,79632.0,,6.848,,45.02,1.45
2008-12-24,45.0,YELLOW,11,,,,,1.3,2.2,,,,,90.68,98.2249,,2232311.0,25.0,125933.0,,6.8355,,44.21,1.47
2008-12-25,45.0,YELLOW,11,,,,,1.3,2.2,,,,,90.68,98.2419,,2232311.0,25.0,125933.0,,6.8355,,44.21,1.47
2008-12-26,45.0,YELLOW,11,,,,,1.27,2.13,,,,,90.65,98.2594,,2232311.0,25.0,125933.0,,6.8409,,43.38,1.47
2008-12-27,32.5,YELLOW,12,,,,,1.27,2.13,,,,,90.65,98.2594,,2232311.0,,125933.0,,6.8409,,43.38,1.47
2008-12-28,32.5,YELLOW,12,,,,,1.27,2.13,,,,,90.65,98.2594,,2232311.0,,125933.0,,6.8409,,43.38,1.47
2008-12-29,32.5,YELLOW,12,,,,,1.35,2.07,,,,,90.2,97.9359,,2232311.0,,125933.0,,6.8447,,43.9,1.4
2008-12-30,32.5,YELLOW,12,,,,,1.36,2.01,,,,,90.37,98.3833,,2232311.0,,125933.0,,6.8295,,41.63,1.34
2008-12-31,32.5,YELLOW,12,,,,,1.49,2.14,,,,,90.79,98.6518,,2239457.0,,114229.0,,6.8225,,40.0,1.32
2009-01-01,53.75,YELLOW,10,,,,,1.49,2.14,,,,,90.79,98.6518,1.272,2239457.0,,114229.0,1916573.564592795,6.8225,,40.0,1.32
2009-01-02,53.75,YELLOW,10,,,,,1.58,2.38,,,,,91.12,98.6008,1.272,2239457.0,,114229.0,1916573.564592795,6.8225,,39.19,1.33
2009-01-03,53.75,YELLOW,10,,,,,1.58,2.38,,,,,91.12,98.6008,1.272,2239457.0,,114229.0,1916573.564592795,6.8225,,39.19,1.33
2009-01-04,53.75,YELLOW,10,,,,,1.58,2.38,,,,,91.12,98.6008,1.272,2239457.0,,114229.0,1916573.564592795,6.8225,,39.19,1.33
2009-01-05,53.75,YELLOW,10,,,,,1.71,2.35,,,,,93.2,98.9195,1.272,2239457.0,,114229.0,1916573.564592795,6.83,,39.08,1.28
2009-01-06,53.75,YELLOW,10,,,,,1.71,2.37,,,,,94.2,98.7871,1.272,2239457.0,,114229.0,1916573.564592795,6.836,,38.56,1.27
2009-01-07,53.75,YELLOW,10,,,,,1.7,2.41,,,,,92.7,98.089,1.272,2121439.0,,66137.0,1916573.564592795,6.833,,43.39,1.29
2009-01-08,53.75,YELLOW,10,,,,,1.64,2.38,,,,,91.15,98.3223,1.272,2121439.0,,66137.0,1916573.564592795,6.8342,,42.56,1.26
2009-01-09,53.75,YELLOW,10,,,,,1.68,2.36,,,,,90.25,98.8752,1.272,2121439.0,,66137.0,1916573.564592795,6.835,,42.82,1.19
2009-01-10,53.75,YELLOW,10,,,,,1.68,2.36,,,,,90.25,98.8752,1.272,2121439.0,,66137.0,1916573.564592795,6.835,,42.82,1.19
2009-01-11,53.75,YELLOW,10,,,,,1.68,2.36,,,,,90.25,98.8752,1.272,2121439.0,,66137.0,1916573.564592795,6.835,,42.82,1.19
2009-01-12,32.5,YELLOW,12,,,,,1.6,2.22,,,,,88.92,99.6022,,2121439.0,,66137.0,,6.8362,,45.84,1.04
2009-01-13,23.75,GREEN,12,,,,,1.57,2.22,,,,,89.65,100.3597,,2121439.0,,66137.0,,6.8341,,43.27,0.98
2009-01-14,23.75,GREEN,12,,,,,1.51,2.12,,,,,89.28,100.7546,,2049714.0,,36826.0,,6.8347,,49.14,0.96
2009-01-15,23.75,GREEN,12,,,,,1.5,2.12,,,,,89.59,101.4653,,2049714.0,,36826.0,,6.8363,,51.0,0.98
2009-01-16,32.5,YELLOW,12,,,,,1.63,2.24,,,,,90.29,100.711,,2049714.0,,36826.0,,6.8369,,46.11,1.02
2009-01-17,32.5,YELLOW,12,,,,,1.63,2.24,,,,,90.29,100.711,,2049714.0,,36826.0,,6.8369,,46.11,1.02
2009-01-18,32.5,YELLOW,12,,,,,1.63,2.24,,,,,90.29,100.711,,2049714.0,,36826.0,,6.8369,,46.11,1.02
2009-01-19,32.5,YELLOW,12,,,,,1.63,2.24,,,,,90.29,100.711,,2049714.0,,36826.0,,6.8369,,46.11,1.02
2009-01-20,23.75,GREEN,12,,,,,1.67,2.27,,,,,90.19,100.711,,2049714.0,,36826.0,,6.8403,,56.65,0.99
2009-01-21,32.5,YELLOW,12,,,,,1.78,2.45,,,,,87.8,102.1007,,2037112.0,,35510.0,,6.8392,,46.42,1.01
2009-01-22,32.5,YELLOW,12,,,,,1.87,2.52,,,,,88.64,101.8432,,2037112.0,,35510.0,,6.837,,47.29,1.06
2009-01-23,32.5,YELLOW,12,,,,,1.82,2.54,,,,,88.72,102.1096,,2037112.0,,35510.0,,6.8392,,47.27,1.06
2009-01-24,32.5,YELLOW,12,,,,,1.82,2.54,,,,,88.72,102.1096,,2037112.0,,35510.0,,6.8392,,47.27,1.06
2009-01-25,32.5,YELLOW,12,,,,,1.82,2.54,,,,,88.72,102.1096,,2037112.0,,35510.0,,6.8392,,47.27,1.06
2009-01-26,32.5,YELLOW,12,,,,,1.85,2.56,,,,,89.25,100.9764,,2037112.0,,35510.0,,6.8392,,45.69,1.03
2009-01-27,32.5,YELLOW,12,,,,,1.72,2.46,,,,,88.99,101.1702,,2037112.0,,35510.0,,6.8392,,42.25,1.05
2009-01-28,23.75,GREEN,12,,,,,1.82,2.52,,,,,88.87,100.5461,,1927082.0,,55539.0,,6.8392,,39.66,0.98
2009-01-29,23.75,GREEN,12,,,,,1.92,2.64,,,,,89.77,101.3398,,1927082.0,,55539.0,,6.8392,,42.63,0.94
2009-01-30,23.75,GREEN,12,,,,,1.93,2.63,,,,,89.83,102.1169,,1927082.0,,55539.0,,6.8392,,44.84,0.94
2009-01-31,23.75,GREEN,12,,,,,1.93,2.63,,,,,89.83,102.1169,,1927082.0,,55539.0,,6.8392,,44.84,0.94
2009-02-01,45.0,YELLOW,10,,,,,1.93,2.63,,,,,89.83,102.1169,1.277,1927082.0,,55539.0,1915104.66791197,6.8392,,44.84,0.94
2009-02-02,45.0,YELLOW,10,,,,,1.87,2.49,,,,,89.86,102.5067,1.277,1927082.0,,55539.0,1915104.66791197,6.847,,45.52,0.96
2009-02-03,45.0,YELLOW,10,,,,,1.93,2.57,,,,,89.09,101.8506,1.277,1927082.0,,55539.0,1915104.66791197,6.8399,,43.06,0.91
2009-02-04,45.0,YELLOW,10,,,,,1.97,2.65,,,,,89.53,101.9056,1.277,1851437.0,,41917.0,1915104.66791197,6.8335,,43.85,0.94
2009-02-05,45.0,YELLOW,10,,,,,1.97,2.66,,,,,91.01,101.9517,1.277,1851437.0,,41917.0,1915104.66791197,6.8355,,43.73,0.95
2009-02-06,45.0,YELLOW,10,,,,,2.06,2.77,,,,,91.95,101.7455,1.277,1851437.0,,41917.0,1915104.66791197,6.8338,,43.37,0.96
2009-02-07,45.0,YELLOW,10,,,,,2.06,2.77,,,,,91.95,101.7455,1.277,1851437.0,,41917.0,1915104.66791197,6.8338,,43.37,0.96
2009-02-08,45.0,YELLOW,10,,,,,2.06,2.77,,,,,91.95,101.7455,1.277,1851437.0,,41917.0,1915104.66791197,6.8338,,43.37,0.96
2009-02-09,45.0,YELLOW,10,,,,,2.02,2.75,,,,,91.47,100.9637,1.277,1851437.0,,41917.0,1915104.66791197,6.8392,,43.64,0.91
2009-02-10,45.0,YELLOW,10,,,,,1.98,2.59,,,,,90.65,101.7094,1.277,1851437.0,,41917.0,1915104.66791197,6.8241,,46.67,0.91
2009-02-11,45.0,YELLOW,10,,,,,1.85,2.48,,,,,90.66,102.24,1.277,1843400.0,,36506.0,1915104.66791197,6.8332,,44.53,0.93
2009-02-12,23.75,GREEN,12,,,,,1.86,2.46,,,,,90.55,102.598,,1843400.0,,36506.0,,6.8345,,41.25,0.94
2009-02-13,23.75,GREEN,12,,,,,1.92,2.6,,,,,91.84,102.2958,,1843400.0,,36506.0,,6.8392,,42.93,0.95
2009-02-14,23.75,GREEN,12,,,,,1.92,2.6,,,,,91.84,102.2958,,1843400.0,,36506.0,,6.8392,,42.93,0.95
2009-02-15,23.75,GREEN,12,,,,,1.92,2.6,,,,,91.84,102.2958,,1843400.0,,36506.0,,6.8392,,42.93,0.95
2009-02-16,23.75,GREEN,12,,,,,1.92,2.6,,,,,91.84,102.2958,,1843400.0,,36506.0,,6.8392,,42.93,0.95
2009-02-17,23.75,GREEN,12,,,,,1.77,2.32,,,,,92.17,103.7625,,1843400.0,,36506.0,,6.8355,,48.66,0.93
2009-02-18,23.75,GREEN,12,,,,,1.77,2.43,,,,,93.81,104.0385,,1915562.0,,31082.0,,6.8378,,48.46,0.94
2009-02-19,23.75,GREEN,12,,,,,1.84,2.55,,,,,94.09,103.7656,,1915562.0,,31082.0,,6.8348,,47.08,0.95
2009-02-20,23.75,GREEN,12,,,,,1.82,2.51,,,,,93.87,104.0244,,1915562.0,,31082.0,,6.8367,,49.3,0.98
2009-02-21,23.75,GREEN,12,,,,,1.82,2.51,,,,,93.87,104.0244,,1915562.0,,31082.0,,6.8367,,49.3,0.98
2009-02-22,23.75,GREEN,12,,,,,1.82,2.51,,,,,93.87,104.0244,,1915562.0,,31082.0,,6.8367,,49.3,0.98
2009-02-23,23.75,GREEN,12,,,,,1.82,2.49,,,,,94.63,103.7416,,1915562.0,,31082.0,,6.8355,,52.62,0.95
2009-02-24,23.75,GREEN,12,,,,,1.77,2.48,,,,,96.6,103.9829,,1915562.0,,31082.0,,6.8368,,45.49,0.93
2009-02-25,23.75,GREEN,12,,,,,1.86,2.65,,,,,97.33,104.3086,,1916115.0,,35583.0,,6.8369,,44.67,0.96
2009-02-26,23.75,GREEN,12,,,,,1.9,2.71,,,,,98.55,104.1813,,1916115.0,,35583.0,,6.8361,,44.66,0.99
2009-02-27,23.75,GREEN,12,,,,,2.02,2.76,,,,,97.74,104.9284,,1916115.0,,35583.0,,6.8395,,46.35,1.0
2009-02-28,23.75,GREEN,12,,,,,2.02,2.76,,,,,97.74,104.9284,,1916115.0,,35583.0,,6.8395,,46.35,1.0
2009-03-01,45.0,YELLOW,10,,,,,2.02,2.76,,,,,97.74,104.9284,1.323,1916115.0,,35583.0,1956829.621509936,6.8395,,46.35,1.0
2009-03-02,45.0,YELLOW,10,,,,,2.02,2.63,,,,,97.17,105.9617,1.323,1916115.0,,35583.0,1956829.621509936,6.8438,,52.65,0.99
2009-03-03,45.0,YELLOW,10,,,,,2.02,2.66,,,,,98.16,106.0249,1.323,1916115.0,,35583.0,1956829.621509936,6.8413,,50.93,1.0
2009-03-04,53.75,YELLOW,10,,,,,2.04,2.75,,,,,99.34,105.4558,1.323,1901317.0,,52413.0,1956829.621509936,6.8432,,47.56,1.02
2009-03-05,53.75,YELLOW,10,,,,,1.93,2.63,,,,,98.32,105.8064,1.323,1901317.0,,52413.0,1956829.621509936,6.8406,,50.17,1.08
2009-03-06,53.75,YELLOW,10,,,,,1.92,2.62,,,,,97.88,105.3937,1.323,1901317.0,,52413.0,1956829.621509936,6.8395,,49.33,1.09
2009-03-07,53.75,YELLOW,10,,,,,1.92,2.62,,,,,97.88,105.3937,1.323,1901317.0,,52413.0,1956829.621509936,6.8395,,49.33,1.09
2009-03-08,53.75,YELLOW,10,,,,,1.92,2.62,,,,,97.88,105.3937,1.323,1901317.0,,52413.0,1956829.621509936,6.8395,,49.33,1.09
2009-03-09,53.75,YELLOW,10,,,,,1.93,2.66,,,,,98.87,106.0182,1.323,1901317.0,,52413.0,1956829.621509936,6.8398,,49.68,1.08
2009-03-10,53.75,YELLOW,10,,,,,1.98,2.75,,,,,98.39,105.1153,1.323,1901317.0,,52413.0,1956829.621509936,6.841,,44.37,1.09
2009-03-11,53.75,YELLOW,10,,,,,1.92,2.72,,,,,97.74,104.8499,1.323,1899514.0,,48896.0,1956829.621509936,6.8399,,43.61,1.1
2009-03-12,32.5,YELLOW,12,,,,,1.86,2.67,,,,,97.86,104.89,,1899514.0,,48896.0,,6.8383,,41.18,1.11
2009-03-13,32.5,YELLOW,12,,,,,1.91,2.69,,,,,98.04,104.1106,,1899514.0,,48896.0,,6.838,,42.36,1.13
2009-03-14,32.5,YELLOW,12,,,,,1.91,2.69,,,,,98.04,104.1106,,1899514.0,,48896.0,,6.838,,42.36,1.13
2009-03-15,32.5,YELLOW,12,,,,,1.91,2.69,,,,,98.04,104.1106,,1899514.0,,48896.0,,6.838,,42.36,1.13
2009-03-16,32.5,YELLOW,12,,,,,1.97,2.73,,,,,98.17,103.2005,,1899514.0,,48896.0,,6.8381,,43.74,1.07
2009-03-17,32.5,YELLOW,12,,,,,1.97,2.78,,,,,98.85,103.2305,,1899514.0,,48896.0,,6.8369,,40.8,1.06
2009-03-18,32.5,YELLOW,12,,,,,1.69,2.3,,,,,98.08,103.0005,,2066942.0,,72723.0,,6.8347,,40.06,1.08
2009-03-19,32.5,YELLOW,12,,,,,1.74,2.41,,,,,93.85,100.3951,,2066942.0,,72723.0,,6.824,,43.68,1.03
2009-03-20,32.5,YELLOW,12,,,,,1.76,2.43,,,,,96.18,101.0581,,2066942.0,,72723.0,,6.8277,,45.89,1.01
2009-03-21,32.5,YELLOW,12,,,,,1.76,2.43,,,,,96.18,101.0581,,2066942.0,,72723.0,,6.8277,,45.89,1.01
2009-03-22,32.5,YELLOW,12,,,,,1.76,2.43,,,,,96.18,101.0581,,2066942.0,,72723.0,,6.8277,,45.89,1.01
2009-03-23,23.75,GREEN,12,,,,,1.75,2.46,,,,,97.3,101.103,,2066942.0,,72723.0,,6.8335,,43.23,1.0
2009-03-24,32.5,YELLOW,12,,,,,1.75,2.47,,,,,97.86,101.0319,,2066942.0,,72723.0,,6.8294,,42.93,1.02
2009-03-25,32.5,YELLOW,12,,,,,1.85,2.62,,,,,97.7,100.9674,,2071556.0,,78083.0,,6.8304,,42.25,1.04
2009-03-26,32.5,YELLOW,12,,,,,1.86,2.61,,,,,98.47,101.097,,2071556.0,,78083.0,,6.832,,40.36,1.08
2009-03-27,32.5,YELLOW,12,,,,,1.88,2.64,,,,,97.99,101.8388,,2071556.0,,78083.0,,6.831,,41.04,1.09
2009-03-28,32.5,YELLOW,12,,,,,1.88,2.64,,,,,97.99,101.8388,,2071556.0,,78083.0,,6.831,,41.04,1.09
2009-03-29,32.5,YELLOW,12,,,,,1.88,2.64,,,,,97.99,101.8388,,2071556.0,,78083.0,,6.831,,41.04,1.09
2009-03-30,32.5,YELLOW,12,,,,,1.89,2.55,,,,,97.44,102.749,,2071556.0,,78083.0,,6.836,,45.54,1.03
2009-03-31,23.75,GREEN,12,,,,,1.9,2.5,,,,,99.15,102.3761,,2071556.0,,78083.0,,6.8329,,44.14,0.98
2009-04-01,45.0,YELLOW,10,,,,,1.85,2.46,,,,,98.93,102.1252,1.402,2078936.0,,47129.0,2011977.46006932,6.8339,,42.28,0.96
2009-04-02,45.0,YELLOW,10,,,,,1.89,2.55,,,,,99.48,100.8733,1.402,2078936.0,,47129.0,2011977.46006932,6.834,,42.04,0.95
2009-04-03,45.0,YELLOW,10,,,,,1.95,2.7,,,,,99.94,100.6429,1.402,2078936.0,,47129.0,2011977.46006932,6.8343,,39.7,0.95
2009-04-04,45.0,YELLOW,10,,,,,1.95,2.7,,,,,99.94,100.6429,1.402,2078936.0,,47129.0,2011977.46006932,6.8343,,39.7,0.95
2009-04-05,45.0,YELLOW,10,,,,,1.95,2.7,,,,,99.94,100.6429,1.402,2078936.0,,47129.0,2011977.46006932,6.8343,,39.7,0.95
2009-04-06,45.0,YELLOW,10,,,,,2.01,2.75,,,,,100.65,100.9428,1.402,2078936.0,,47129.0,2011977.46006932,6.8343,,40.93,0.96
2009-04-07,45.0,YELLOW,10,,,,,2.02,2.73,,,,,100.71,100.9808,1.402,2078936.0,,47129.0,2011977.46006932,6.8361,,40.39,0.95
2009-04-08,45.0,YELLOW,10,,,,,1.93,2.68,,,,,99.95,100.8948,1.402,2088573.0,,35981.0,2011977.46006932,6.835,,38.85,0.96
2009-04-09,45.0,YELLOW,10,,,,,2.0,2.78,,,,,100.43,100.7988,1.402,2088573.0,,35981.0,2011977.46006932,6.834,,36.53,0.95
2009-04-10,45.0,YELLOW,10,,,,,2.0,2.78,,,,,100.3,100.7597,1.402,2088573.0,,35981.0,2011977.46006932,6.8333,,36.53,0.95
2009-04-11,45.0,YELLOW,10,,,,,2.0,2.78,,,,,100.3,100.7597,1.402,2088573.0,,35981.0,2011977.46006932,6.8333,,36.53,0.95
2009-04-12,23.75,GREEN,12,,,,,2.0,2.78,,,,,100.3,100.7597,,2088573.0,,35981.0,,6.8333,,36.53,0.95
2009-04-13,23.75,GREEN,12,,,,,1.99,2.7,,,,,100.12,100.1369,,2088573.0,,35981.0,,6.8347,,37.81,0.95
2009-04-14,23.75,GREEN,12,,,,,1.94,2.63,,,,,99.08,99.9097,,2088573.0,,35981.0,,6.832,,37.67,0.95
2009-04-15,23.75,GREEN,12,,,,,1.96,2.67,,,,,99.37,100.1497,,2186498.0,,41866.0,,6.8321,,36.17,0.96
2009-04-16,23.75,GREEN,12,,,,,1.95,2.73,,,,,99.29,100.0517,,2186498.0,,41866.0,,6.8316,,35.79,0.98
2009-04-17,23.75,GREEN,12,,,,,1.99,2.84,,,,,99.21,100.5719,,2186498.0,,41866.0,,6.8325,,33.94,0.96
2009-04-18,23.75,GREEN,12,,,,,1.99,2.84,,,,,99.21,100.5719,,2186498.0,,41866.0,,6.8325,,33.94,0.96
2009-04-19,23.75,GREEN,12,,,,,1.99,2.84,,,,,99.21,100.5719,,2186498.0,,41866.0,,6.8325,,33.94,0.96
2009-04-20,23.75,GREEN,12,,,,,1.95,2.74,,,,,98.29,101.448,,2186498.0,,41866.0,,6.8331,,39.18,0.96
2009-04-21,23.75,GREEN,12,,,,,1.98,2.79,,,,,98.6,101.1794,,2186498.0,,41866.0,,6.8254,,37.14,0.95
2009-04-22,23.75,GREEN,12,,,,,1.98,2.84,,,,,98.14,101.1142,,2196812.0,,65720.0,,6.8296,,38.1,0.96
2009-04-23,23.75,GREEN,12,,,,,1.99,2.86,,,,,97.88,101.0065,,2196812.0,,65720.0,,6.8265,,37.15,0.99
2009-04-24,23.75,GREEN,12,,,,,2.04,2.93,,,,,97.08,100.0244,,2196812.0,,65720.0,,6.825,,36.82,0.97
2009-04-25,23.75,GREEN,12,,,,,2.04,2.93,,,,,97.08,100.0244,,2196812.0,,65720.0,,6.825,,36.82,0.97
2009-04-26,23.75,GREEN,12,,,,,2.04,2.93,,,,,97.08,100.0244,,2196812.0,,65720.0,,6.825,,36.82,0.97
2009-04-27,23.75,GREEN,12,,,,,2.05,2.82,,,,,96.57,100.7258,,2196812.0,,65720.0,,6.827,,38.32,0.92
2009-04-28,23.75,GREEN,12,,,,,2.1,2.92,,,,,96.49,101.3145,,2196812.0,,65720.0,,6.8266,,37.95,0.91
2009-04-29,23.75,GREEN,12,,,,,2.18,3.01,,,,,96.97,100.0009,,2066712.0,,84774.0,,6.8243,,36.08,0.92
2009-04-30,23.75,GREEN,12,,,,,2.25,3.02,,,,,98.76,100.1042,,2066712.0,,84774.0,,6.818,,36.5,0.88
2009-05-01,45.0,YELLOW,10,,,,,2.29,3.05,,,,,99.24,100.0057,1.481,2066712.0,,84774.0,2093082.505038902,6.818,,35.3,0.86
2009-05-02,45.0,YELLOW,10,,,,,2.29,3.05,,,,,99.24,100.0057,1.481,2066712.0,,84774.0,2093082.505038902,6.818,,35.3,0.86
2009-05-03,45.0,YELLOW,10,,,,,2.29,3.05,,,,,99.24,100.0057,1.481,2066712.0,,84774.0,2093082.505038902,6.818,,35.3,0.86
2009-05-04,45.0,YELLOW,10,,,,,2.25,3.0,,,,,99.12,99.134,1.481,2066712.0,,84774.0,2093082.505038902,6.8223,,34.53,0.86
2009-05-05,45.0,YELLOW,10,,,,,2.22,3.01,,,,,98.76,98.8529,1.481,2066712.0,,84774.0,2093082.505038902,6.8185,,33.36,0.8
2009-05-06,45.0,YELLOW,10,,,,,2.22,2.99,,,,,98.6,98.9044,1.481,2079758.0,,87083.0,2093082.505038902,6.8176,,32.45,0.78
2009-05-07,45.0,YELLOW,10,,,,,2.29,3.11,,,,,99.0,98.552,1.481,2079758.0,,87083.0,2093082.505038902,6.8215,,33.44,0.78
2009-05-08,45.0,YELLOW,10,,,,,2.29,3.1,,,,,99.01,98.1269,1.481,2079758.0,,87083.0,2093082.505038902,6.82,,32.05,0.76
2009-05-09,45.0,YELLOW,10,,,,,2.29,3.1,,,,,99.01,98.1269,1.481,2079758.0,,87083.0,2093082.505038902,6.82,,32.05,0.76
2009-05-10,45.0,YELLOW,10,,,,,2.29,3.1,,,,,99.01,98.1269,1.481,2079758.0,,87083.0,2093082.505038902,6.82,,32.05,0.76
2009-05-11,45.0,YELLOW,10,,,,,2.25,2.98,,,,,97.45,97.747,1.481,2079758.0,,87083.0,2093082.505038902,6.823,,32.87,0.73
2009-05-12,23.75,GREEN,12,,,,,2.27,2.98,,,,,96.59,97.8269,,2079758.0,,87083.0,,6.821,,31.8,0.72
2009-05-13,23.75,GREEN,12,,,,,2.22,2.94,,,,,95.75,98.0276,,2196351.0,,76059.0,,6.822,,33.65,0.71
2009-05-14,23.75,GREEN,12,,,,,2.23,2.94,,,,,95.62,98.1271,,2196351.0,,76059.0,,6.8248,,31.37,0.69
2009-05-15,23.75,GREEN,12,,,,,2.26,2.97,,,,,94.89,98.1063,,2196351.0,,76059.0,,6.8225,,33.12,0.66
2009-05-16,23.75,GREEN,12,,,,,2.26,2.97,,,,,94.89,98.1063,,2196351.0,,76059.0,,6.8225,,33.12,0.66
2009-05-17,23.75,GREEN,12,,,,,2.26,2.97,,,,,94.89,98.1063,,2196351.0,,76059.0,,6.8225,,33.12,0.66
2009-05-18,23.75,GREEN,12,,,,,2.29,3.03,,,,,96.05,97.9412,,2196351.0,,76059.0,,6.8265,,30.24,0.6
2009-05-19,16.25,GREEN,12,,,,,2.34,3.07,,,,,96.1,97.2827,,2196351.0,,76059.0,,6.8245,,28.8,0.57
2009-05-20,16.25,GREEN,12,,,,,2.32,3.01,,,,,95.16,96.5707,,2181632.0,,49838.0,,6.8248,,29.03,0.54
2009-05-21,15.0,GREEN,12,,,,,2.46,3.16,,,,,94.97,96.6039,,2181632.0,,49838.0,,6.8245,,31.35,0.47
2009-05-22,15.0,GREEN,12,,,,,2.53,3.27,,,,,94.45,95.8788,,2181632.0,,49838.0,,6.8227,,32.63,0.48
2009-05-23,15.0,GREEN,12,,,,,2.53,3.27,,,,,94.45,95.8788,,2181632.0,,49838.0,,6.8227,,32.63,0.48
2009-05-24,15.0,GREEN,12,,,,,2.53,3.27,,,,,94.45,95.8788,,2181632.0,,49838.0,,6.8227,,32.63,0.48
2009-05-25,15.0,GREEN,12,,,,,2.53,3.27,,,,,94.45,95.8788,,2181632.0,,49838.0,,6.8227,,32.63,0.48
2009-05-26,15.0,GREEN,12,,,,,2.54,3.32,,,,,94.81,95.988,,2181632.0,,49838.0,,6.8326,,30.62,0.48
2009-05-27,15.0,GREEN,12,,,,,2.75,3.54,,,,,95.01,95.9622,,2080115.0,,26692.0,,6.8272,,32.36,0.5
2009-05-28,23.75,GREEN,12,,,,,2.7,3.52,,,,,96.76,96.1313,,2080115.0,,26692.0,,6.8278,,31.67,0.52
2009-05-29,16.25,GREEN,12,,,,,2.55,3.33,,,,,95.55,95.268,,2080115.0,,26692.0,,6.8278,,28.92,0.52
2009-05-30,16.25,GREEN,12,,,,,2.55,3.33,,,,,95.55,95.268,,2080115.0,,26692.0,,6.8278,,28.92,0.52
2009-05-31,16.25,GREEN,12,,,,,2.55,3.33,,,,,95.55,95.268,,2080115.0,,26692.0,,6.8278,,28.92,0.52
2009-06-01,45.0,YELLOW,10,,,,,2.74,3.58,,,,,96.53,94.8107,1.363,2080115.0,,26692.0,2135201.111303932,6.8264,,30.04,0.52
2009-06-02,37.5,YELLOW,10,,,,,2.69,3.51,,,,,95.72,94.6556,1.363,2080115.0,,26692.0,2135201.111303932,6.8305,,29.63,0.51
2009-06-03,36.25,YELLOW,10,,,,,2.65,3.42,,,,,95.72,95.0751,1.363,2077695.0,,32573.0,2135201.111303932,6.829,,31.02,0.5
2009-06-04,36.25,YELLOW,10,,,,,2.76,3.58,,,,,96.37,95.2922,1.363,2077695.0,,32573.0,2135201.111303932,6.8331,,30.18,0.49
2009-06-05,28.75,YELLOW,10,,,,,2.52,3.64,,,,,98.18,96.0412,1.363,2077695.0,,32573.0,2135201.111303932,6.8329,,29.62,0.44
2009-06-06,28.75,YELLOW,10,,,,,2.52,3.64,,,,,98.18,96.0412,1.363,2077695.0,,32573.0,2135201.111303932,6.8329,,29.62,0.44
2009-06-07,28.75,YELLOW,10,,,,,2.52,3.64,,,,,98.18,96.0412,1.363,2077695.0,,32573.0,2135201.111303932,6.8329,,29.62,0.44
2009-06-08,28.75,YELLOW,10,,,,,2.49,3.72,,,,,98.56,96.6548,1.363,2077695.0,,32573.0,2135201.111303932,6.8371,,29.77,0.46
2009-06-09,28.75,YELLOW,10,,,,,2.53,3.67,,,,,97.6,95.9537,1.363,2077695.0,,32573.0,2135201.111303932,6.8353,,28.27,0.46
2009-06-10,28.75,YELLOW,10,,,,,2.6,3.8,,,,,98.13,96.1277,1.363,2052297.0,,31392.0,2135201.111303932,6.833,,28.46,0.46
2009-06-11,28.75,YELLOW,10,,,,,2.53,3.69,,,,,97.83,95.4993,1.363,2052297.0,,31392.0,2135201.111303932,6.8358,,28.11,0.44
2009-06-12,7.5,GREEN,12,,,,,2.51,3.62,,,,,98.17,95.836,,2052297.0,,31392.0,,6.8352,,28.15,0.44
2009-06-13,7.5,GREEN,12,,,,,2.51,3.62,,,,,98.17,95.836,,2052297.0,,31392.0,,6.8352,,28.15,0.44
2009-06-14,7.5,GREEN,12,,,,,2.51,3.62,,,,,98.17,95.836,,2052297.0,,31392.0,,6.8352,,28.15,0.44
2009-06-15,15.0,GREEN,12,,,,,2.5,3.59,,,,,98.03,96.7519,,2052297.0,,31392.0,,6.8361,,30.81,0.44
2009-06-16,15.0,GREEN,12,,,,,2.44,3.5,,,,,96.26,96.2616,,2052297.0,,31392.0,,6.8338,,32.68,0.44
2009-06-17,15.0,GREEN,12,,,,,2.49,3.51,,,,,95.65,96.64,,2072527.0,,42257.0,,6.8364,,31.54,0.44
2009-06-18,15.0,GREEN,12,,,,,2.58,3.68,,,,,96.36,96.1482,,2072527.0,,42257.0,,6.8344,,30.03,0.43
2009-06-19,7.5,GREEN,12,,,,,2.54,3.6,,,,,96.15,96.0325,,2072527.0,,42257.0,,6.836,,27.99,0.43
2009-06-20,7.5,GREEN,12,,,,,2.54,3.6,,,,,96.15,96.0325,,2072527.0,,42257.0,,6.836,,27.99,0.43
2009-06-21,7.5,GREEN,12,,,,,2.54,3.6,,,,,96.15,96.0325,,2072527.0,,42257.0,,6.836,,27.99,0.43
2009-06-22,15.0,GREEN,12,,,,,2.55,3.52,,,,,95.9,96.8818,,2072527.0,,42257.0,,6.834,,31.17,0.41
2009-06-23,15.0,GREEN,12,,,,,2.51,3.45,,,,,95.32,96.5196,,2072527.0,,42257.0,,6.8346,,30.58,0.41
2009-06-24,7.5,GREEN,12,,,,,2.53,3.53,,,,,95.38,96.2369,,2025571.0,,118671.0,,6.8307,,29.05,0.41
2009-06-25,7.5,GREEN,12,,,,,2.43,3.37,,,,,96.21,96.7072,,2025571.0,,118671.0,,6.8344,,26.36,0.42
2009-06-26,7.5,GREEN,12,,,,,2.42,3.32,,,,,95.19,96.1935,,2025571.0,,118671.0,,6.833,,25.93,0.41
2009-06-27,7.5,GREEN,12,,,,,2.42,3.32,,,,,95.19,96.1935,,2025571.0,,118671.0,,6.833,,25.93,0.41
2009-06-28,7.5,GREEN,12,,,,,2.42,3.32,,,,,95.19,96.1935,,2025571.0,,118671.0,,6.833,,25.93,0.41
2009-06-29,7.5,GREEN,12,,,,,2.4,3.31,,,,,95.84,96.242,,2025571.0,,118671.0,,6.8334,,25.35,0.4
2009-06-30,7.5,GREEN,12,,,,,2.42,3.34,,,,,96.42,96.3761,,2025571.0,,118671.0,,6.8302,,26.35,0.4
